{
  "asOf": "2025-08-08",
  "metrics": {
    "vix": 16.56999969482422,
    "currentSP": 6340,
    "ma125": 5881.9207999937,
    "bond10Y": 4.24399995803833,
    "putCall": 0.95,
    "junkSpread": 2.98,
    "spHigh": 6389.77001953125,
    "spLow": 4982.77001953125,
    "usdDxy": 97.94999694824219,
    "usdHigh": 109.81199645996094,
    "usdLow": 96.42900085449219
  },
  "scores": {
    "sp500MomentumScore": 89,
    "vixScore": 90,
    "bondScore": 81,
    "putCallScore": 50,
    "junkScore": 84,
    "highLowScore": 96,
    "usdScore": 89,
    "finalScore": 83
  }
}