{
  "asOf": "2025-08-08",
  "metrics": {
    "vix": 16.059999465942383,
    "currentSP": 6378.52978515625,
    "ma125": 5885.893671875,
    "bond10Y": 4,
    "putCall": 0.95,
    "junkSpread": 2.95,
    "spHigh": 6389.77001953125,
    "spLow": 4982.77001953125,
    "usdDxy": 103
  },
  "scores": {
    "vixScore": 83,
    "momentumScore": 92,
    "safeHavenScore": 81,
    "putCallScore": 50,
    "junkScore": 84,
    "breadthScore": 99,
    "volumeScore": 100,
    "finalScore": 82
  }
}