{
  "asOf": "2025-08-08",
  "metrics": {
    "vix": 16.56999969482422,
    "currentSP": 6340,
    "ma125": 5881.9207999937,
    "putCall": 0.95,
    "junkSpread": 2.98,
    "spHigh": 6389.77001953125,
    "spLow": 4982.77001953125
  },
  "scores": {
    "vixScore": 65,
    "momentumScore": 70,
    "safeHavenScore": 60,
    "putCallScore": 50,
    "junkScore": 75,
    "breadthScore": 85,
    "volumeScore": 45,
    "finalScore": 55
  }
}