{
  "asOf": "2025-08-08",
  "metrics": {
    "vix": 15.640000343322754,
    "currentSP": 6386.31005859375,
    "ma125": 5885.9559140625,
    "bond10Y": 4,
    "putCall": 0.95,
    "junkSpread": 2.95,
    "spHigh": 6389.77001953125,
    "spLow": 4982.77001953125,
    "usdDxy": 103
  },
  "scores": {
    "vixScore": 84,
    "momentumScore": 93,
    "safeHavenScore": 81,
    "putCallScore": 50,
    "junkScore": 84,
    "breadthScore": 100,
    "volumeScore": 100,
    "finalScore": 83
  }
}