{
  "asOf": "2025-08-08",
  "metrics": {
    "vix": 16.56999969482422,
    "currentSP": 5000,
    "ma125": 4950,
    "bond10Y": 4,
    "putCall": 0.95,
    "junkSpread": 2.98,
    "spHigh": 6389.77001953125,
    "spLow": 4982.77001953125,
    "usdDxy": 103
  },
  "scores": {
    "vixScore": 85,
    "momentumScore": 50,
    "safeHavenScore": 100,
    "putCallScore": 50,
    "junkScore": 84,
    "breadthScore": 1,
    "volumeScore": 66,
    "finalScore": 66
  }
}